conf,end,start,word
0.896264,0.187504,0.06,if
0.626747,0.3,0.187504,be
0.711824,0.719979,0.3,fine
0.716995,1.140221,0.87,leg
0.880183,1.56,1.22375,anyway
